"id";"posicao";"maximo";"produto_id";"quantidade";"created_at";"updated_at"
1;"0a";20;339;2;"2022-06-25 18:25:47.900455";"2022-06-25 18:25:47.900455"
2;"1a";20;312;1;"2022-06-25 18:25:47.913036";"2022-06-25 18:25:47.913036"
3;"2a";20;411;19;"2022-06-25 18:25:47.924504";"2022-06-25 18:25:47.924504"
4;"3a";20;565;4;"2022-06-25 18:25:47.936100";"2022-06-25 18:25:47.936100"
5;"4a";20;197;7;"2022-06-25 18:25:47.949045";"2022-06-25 18:25:47.949045"
6;"5a";20;272;10;"2022-06-25 18:25:47.964609";"2022-06-25 18:25:47.964609"
7;"6a";20;191;12;"2022-06-25 18:25:47.977577";"2022-06-25 18:25:47.977577"
8;"7a";20;256;17;"2022-06-25 18:25:47.991667";"2022-06-25 18:25:47.991667"
9;"8a";20;381;4;"2022-06-25 18:25:48.004269";"2022-06-25 18:25:48.004269"
10;"9a";20;364;5;"2022-06-25 18:25:48.017083";"2022-06-25 18:25:48.017083"
11;"10a";20;658;15;"2022-06-25 18:25:48.029870";"2022-06-25 18:25:48.029870"
12;"11a";20;624;3;"2022-06-25 18:25:48.042241";"2022-06-25 18:25:48.042241"
13;"12a";20;278;4;"2022-06-25 18:25:48.054457";"2022-06-25 18:25:48.054457"
14;"13a";20;527;1;"2022-06-25 18:25:48.067893";"2022-06-25 18:25:48.067893"
15;"14a";20;127;17;"2022-06-25 18:25:48.081431";"2022-06-25 18:25:48.081431"
16;"15a";20;570;16;"2022-06-25 18:25:48.096049";"2022-06-25 18:25:48.096049"
17;"16a";20;218;7;"2022-06-25 18:25:48.108385";"2022-06-25 18:25:48.108385"
18;"17a";20;156;5;"2022-06-25 18:25:48.120693";"2022-06-25 18:25:48.120693"
19;"18a";20;98;12;"2022-06-25 18:25:48.135819";"2022-06-25 18:25:48.135819"
20;"19a";20;127;16;"2022-06-25 18:25:48.153723";"2022-06-25 18:25:48.153723"
21;"0b";20;290;4;"2022-06-25 18:25:48.171671";"2022-06-25 18:25:48.171671"
22;"1b";20;503;4;"2022-06-25 18:25:48.187606";"2022-06-25 18:25:48.187606"
23;"2b";20;274;17;"2022-06-25 18:25:48.204320";"2022-06-25 18:25:48.204320"
24;"3b";20;608;3;"2022-06-25 18:25:48.219523";"2022-06-25 18:25:48.219523"
25;"4b";20;228;20;"2022-06-25 18:25:48.233345";"2022-06-25 18:25:48.233345"
26;"5b";20;19;9;"2022-06-25 18:25:48.247875";"2022-06-25 18:25:48.247875"
27;"6b";20;448;5;"2022-06-25 18:25:48.265041";"2022-06-25 18:25:48.265041"
28;"7b";20;707;15;"2022-06-25 18:25:48.277237";"2022-06-25 18:25:48.277237"
29;"8b";20;76;19;"2022-06-25 18:25:48.296758";"2022-06-25 18:25:48.296758"
30;"9b";20;355;14;"2022-06-25 18:25:48.310745";"2022-06-25 18:25:48.310745"
31;"10b";20;117;18;"2022-06-25 18:25:48.328671";"2022-06-25 18:25:48.328671"
32;"11b";20;585;6;"2022-06-25 18:25:48.346701";"2022-06-25 18:25:48.346701"
33;"12b";20;32;19;"2022-06-25 18:25:48.364448";"2022-06-25 18:25:48.364448"
34;"13b";20;479;13;"2022-06-25 18:25:48.382871";"2022-06-25 18:25:48.382871"
35;"14b";20;424;7;"2022-06-25 18:25:48.400768";"2022-06-25 18:25:48.400768"
36;"15b";20;220;15;"2022-06-25 18:25:48.419188";"2022-06-25 18:25:48.419188"
37;"16b";20;200;11;"2022-06-25 18:25:48.433705";"2022-06-25 18:25:48.433705"
38;"17b";20;306;9;"2022-06-25 18:25:48.447497";"2022-06-25 18:25:48.447497"
39;"18b";20;658;4;"2022-06-25 18:25:48.460571";"2022-06-25 18:25:48.460571"
40;"19b";20;609;18;"2022-06-25 18:25:48.473864";"2022-06-25 18:25:48.473864"
41;"0c";20;475;12;"2022-06-25 18:25:48.487303";"2022-06-25 18:25:48.487303"
42;"1c";20;709;17;"2022-06-25 18:25:48.500331";"2022-06-25 18:25:48.500331"
43;"2c";20;544;2;"2022-06-25 18:25:48.513459";"2022-06-25 18:25:48.513459"
44;"3c";20;316;1;"2022-06-25 18:25:48.525997";"2022-06-25 18:25:48.525997"
45;"4c";20;388;10;"2022-06-25 18:25:48.538108";"2022-06-25 18:25:48.538108"
46;"5c";20;431;9;"2022-06-25 18:25:48.550298";"2022-06-25 18:25:48.550298"
47;"6c";20;75;9;"2022-06-25 18:25:48.563067";"2022-06-25 18:25:48.563067"
48;"7c";20;682;9;"2022-06-25 18:25:48.576945";"2022-06-25 18:25:48.576945"
49;"8c";20;636;17;"2022-06-25 18:25:48.590995";"2022-06-25 18:25:48.590995"
50;"9c";20;340;13;"2022-06-25 18:25:48.603272";"2022-06-25 18:25:48.603272"
51;"10c";20;424;15;"2022-06-25 18:25:48.615901";"2022-06-25 18:25:48.615901"
52;"11c";20;161;20;"2022-06-25 18:25:48.628226";"2022-06-25 18:25:48.628226"
53;"12c";20;589;4;"2022-06-25 18:25:48.640982";"2022-06-25 18:25:48.640982"
54;"13c";20;671;17;"2022-06-25 18:25:48.652929";"2022-06-25 18:25:48.652929"
55;"14c";20;336;20;"2022-06-25 18:25:48.670495";"2022-06-25 18:25:48.670495"
56;"15c";20;544;4;"2022-06-25 18:25:48.688981";"2022-06-25 18:25:48.688981"
57;"16c";20;651;9;"2022-06-25 18:25:48.703334";"2022-06-25 18:25:48.703334"
58;"17c";20;701;3;"2022-06-25 18:25:48.716227";"2022-06-25 18:25:48.716227"
59;"18c";20;395;11;"2022-06-25 18:25:48.733126";"2022-06-25 18:25:48.733126"
60;"19c";20;542;6;"2022-06-25 18:25:48.749122";"2022-06-25 18:25:48.749122"
61;"0d";20;274;15;"2022-06-25 18:25:48.761915";"2022-06-25 18:25:48.761915"
62;"1d";20;150;17;"2022-06-25 18:25:48.774130";"2022-06-25 18:25:48.774130"
63;"2d";20;123;17;"2022-06-25 18:25:48.788213";"2022-06-25 18:25:48.788213"
64;"3d";20;481;16;"2022-06-25 18:25:48.805175";"2022-06-25 18:25:48.805175"
65;"4d";20;412;18;"2022-06-25 18:25:48.819144";"2022-06-25 18:25:48.819144"
66;"5d";20;531;10;"2022-06-25 18:25:48.831236";"2022-06-25 18:25:48.831236"
67;"6d";20;325;14;"2022-06-25 18:25:48.842728";"2022-06-25 18:25:48.842728"
68;"7d";20;138;15;"2022-06-25 18:25:48.855036";"2022-06-25 18:25:48.855036"
69;"8d";20;680;8;"2022-06-25 18:25:48.870640";"2022-06-25 18:25:48.870640"
70;"9d";20;122;14;"2022-06-25 18:25:48.887477";"2022-06-25 18:25:48.887477"
71;"10d";20;566;8;"2022-06-25 18:25:48.900959";"2022-06-25 18:25:48.900959"
72;"11d";20;461;1;"2022-06-25 18:25:48.914825";"2022-06-25 18:25:48.914825"
73;"12d";20;152;3;"2022-06-25 18:25:48.927019";"2022-06-25 18:25:48.927019"
74;"13d";20;566;8;"2022-06-25 18:25:48.939060";"2022-06-25 18:25:48.939060"
75;"14d";20;587;6;"2022-06-25 18:25:48.950777";"2022-06-25 18:25:48.950777"
76;"15d";20;129;4;"2022-06-25 18:25:48.963693";"2022-06-25 18:25:48.963693"
77;"16d";20;643;9;"2022-06-25 18:25:48.975163";"2022-06-25 18:25:48.975163"
78;"17d";20;243;11;"2022-06-25 18:25:48.992331";"2022-06-25 18:25:48.992331"
79;"18d";20;534;8;"2022-06-25 18:25:49.012646";"2022-06-25 18:25:49.012646"
80;"19d";20;422;20;"2022-06-25 18:25:49.028504";"2022-06-25 18:25:49.028504"
81;"0e";20;608;16;"2022-06-25 18:25:49.042361";"2022-06-25 18:25:49.042361"
82;"1e";20;32;6;"2022-06-25 18:25:49.055213";"2022-06-25 18:25:49.055213"
83;"2e";20;357;9;"2022-06-25 18:25:49.065901";"2022-06-25 18:25:49.065901"
84;"3e";20;4;5;"2022-06-25 18:25:49.077850";"2022-06-25 18:25:49.077850"
85;"4e";20;53;20;"2022-06-25 18:25:49.091005";"2022-06-25 18:25:49.091005"
86;"5e";20;698;8;"2022-06-25 18:25:49.103079";"2022-06-25 18:25:49.103079"
87;"6e";20;296;19;"2022-06-25 18:25:49.114934";"2022-06-25 18:25:49.114934"
88;"7e";20;108;8;"2022-06-25 18:25:49.126860";"2022-06-25 18:25:49.126860"
89;"8e";20;358;7;"2022-06-25 18:25:49.138237";"2022-06-25 18:25:49.138237"
90;"9e";20;677;16;"2022-06-25 18:25:49.150787";"2022-06-25 18:25:49.150787"
91;"10e";20;652;10;"2022-06-25 18:25:49.162412";"2022-06-25 18:25:49.162412"
92;"11e";20;171;1;"2022-06-25 18:25:49.174925";"2022-06-25 18:25:49.174925"
93;"12e";20;506;9;"2022-06-25 18:25:49.186475";"2022-06-25 18:25:49.186475"
94;"13e";20;403;20;"2022-06-25 18:25:49.198331";"2022-06-25 18:25:49.198331"
95;"14e";20;41;19;"2022-06-25 18:25:49.210054";"2022-06-25 18:25:49.210054"
96;"15e";20;34;7;"2022-06-25 18:25:49.221569";"2022-06-25 18:25:49.221569"
97;"16e";20;90;16;"2022-06-25 18:25:49.233652";"2022-06-25 18:25:49.233652"
98;"17e";20;488;4;"2022-06-25 18:25:49.244604";"2022-06-25 18:25:49.244604"
99;"18e";20;571;17;"2022-06-25 18:25:49.258578";"2022-06-25 18:25:49.258578"
100;"19e";20;424;4;"2022-06-25 18:25:49.270477";"2022-06-25 18:25:49.270477"
101;"0f";20;7;18;"2022-06-25 18:25:49.281805";"2022-06-25 18:25:49.281805"
102;"1f";20;206;1;"2022-06-25 18:25:49.294265";"2022-06-25 18:25:49.294265"
103;"2f";20;323;7;"2022-06-25 18:25:49.306292";"2022-06-25 18:25:49.306292"
104;"3f";20;85;6;"2022-06-25 18:25:49.322163";"2022-06-25 18:25:49.322163"
105;"4f";20;706;16;"2022-06-25 18:25:49.338596";"2022-06-25 18:25:49.338596"
106;"5f";20;289;9;"2022-06-25 18:25:49.353048";"2022-06-25 18:25:49.353048"
107;"6f";20;142;18;"2022-06-25 18:25:49.365305";"2022-06-25 18:25:49.365305"
108;"7f";20;138;4;"2022-06-25 18:25:49.376635";"2022-06-25 18:25:49.376635"
109;"8f";20;447;15;"2022-06-25 18:25:49.388971";"2022-06-25 18:25:49.388971"
110;"9f";20;151;14;"2022-06-25 18:25:49.400627";"2022-06-25 18:25:49.400627"
111;"10f";20;469;13;"2022-06-25 18:25:49.418062";"2022-06-25 18:25:49.418062"
112;"11f";20;276;14;"2022-06-25 18:25:49.433215";"2022-06-25 18:25:49.433215"
113;"12f";20;534;17;"2022-06-25 18:25:49.446716";"2022-06-25 18:25:49.446716"
114;"13f";20;86;19;"2022-06-25 18:25:49.459461";"2022-06-25 18:25:49.459461"
115;"14f";20;666;5;"2022-06-25 18:25:49.471010";"2022-06-25 18:25:49.471010"
116;"15f";20;428;6;"2022-06-25 18:25:49.484956";"2022-06-25 18:25:49.484956"
117;"16f";20;75;8;"2022-06-25 18:25:49.496460";"2022-06-25 18:25:49.496460"
118;"17f";20;677;15;"2022-06-25 18:25:49.508383";"2022-06-25 18:25:49.508383"
119;"18f";20;611;20;"2022-06-25 18:25:49.519335";"2022-06-25 18:25:49.519335"
120;"19f";20;157;4;"2022-06-25 18:25:49.531227";"2022-06-25 18:25:49.531227"
121;"0g";20;316;8;"2022-06-25 18:25:49.542752";"2022-06-25 18:25:49.542752"
122;"1g";20;154;7;"2022-06-25 18:25:49.554377";"2022-06-25 18:25:49.554377"
123;"2g";20;305;13;"2022-06-25 18:25:49.566180";"2022-06-25 18:25:49.566180"
124;"3g";20;353;13;"2022-06-25 18:25:49.577280";"2022-06-25 18:25:49.577280"
125;"4g";20;156;5;"2022-06-25 18:25:49.590003";"2022-06-25 18:25:49.590003"
126;"5g";20;519;19;"2022-06-25 18:25:49.601718";"2022-06-25 18:25:49.601718"
127;"6g";20;361;15;"2022-06-25 18:25:49.614654";"2022-06-25 18:25:49.614654"
128;"7g";20;719;9;"2022-06-25 18:25:49.625875";"2022-06-25 18:25:49.625875"
129;"8g";20;668;6;"2022-06-25 18:25:49.638193";"2022-06-25 18:25:49.638193"
130;"9g";20;564;1;"2022-06-25 18:25:49.649628";"2022-06-25 18:25:49.649628"
131;"10g";20;129;17;"2022-06-25 18:25:49.662292";"2022-06-25 18:25:49.662292"
132;"11g";20;115;10;"2022-06-25 18:25:49.673960";"2022-06-25 18:25:49.673960"
133;"12g";20;597;12;"2022-06-25 18:25:49.686051";"2022-06-25 18:25:49.686051"
134;"13g";20;556;15;"2022-06-25 18:25:49.697447";"2022-06-25 18:25:49.697447"
135;"14g";20;333;19;"2022-06-25 18:25:49.710864";"2022-06-25 18:25:49.710864"
136;"15g";20;427;13;"2022-06-25 18:25:49.724339";"2022-06-25 18:25:49.724339"
137;"16g";20;447;13;"2022-06-25 18:25:49.736621";"2022-06-25 18:25:49.736621"
138;"17g";20;404;1;"2022-06-25 18:25:49.748152";"2022-06-25 18:25:49.748152"
139;"18g";20;256;7;"2022-06-25 18:25:49.759991";"2022-06-25 18:25:49.759991"
140;"19g";20;169;2;"2022-06-25 18:25:49.771103";"2022-06-25 18:25:49.771103"
141;"0h";20;396;19;"2022-06-25 18:25:49.784905";"2022-06-25 18:25:49.784905"
142;"1h";20;707;2;"2022-06-25 18:25:49.801013";"2022-06-25 18:25:49.801013"
143;"2h";20;349;16;"2022-06-25 18:25:49.818727";"2022-06-25 18:25:49.818727"
144;"3h";20;27;7;"2022-06-25 18:25:49.836826";"2022-06-25 18:25:49.836826"
145;"4h";20;230;16;"2022-06-25 18:25:49.855226";"2022-06-25 18:25:49.855226"
146;"5h";20;301;3;"2022-06-25 18:25:49.871384";"2022-06-25 18:25:49.871384"
147;"6h";20;110;13;"2022-06-25 18:25:49.884977";"2022-06-25 18:25:49.884977"
148;"7h";20;586;10;"2022-06-25 18:25:49.900923";"2022-06-25 18:25:49.900923"
149;"8h";20;291;17;"2022-06-25 18:25:49.915748";"2022-06-25 18:25:49.915748"
150;"9h";20;449;16;"2022-06-25 18:25:49.930264";"2022-06-25 18:25:49.930264"
151;"10h";20;564;1;"2022-06-25 18:25:49.944228";"2022-06-25 18:25:49.944228"
152;"11h";20;273;12;"2022-06-25 18:25:49.958204";"2022-06-25 18:25:49.958204"
153;"12h";20;61;19;"2022-06-25 18:25:49.972697";"2022-06-25 18:25:49.972697"
154;"13h";20;697;14;"2022-06-25 18:25:49.987892";"2022-06-25 18:25:49.987892"
155;"14h";20;590;16;"2022-06-25 18:25:50.002273";"2022-06-25 18:25:50.002273"
156;"15h";20;421;11;"2022-06-25 18:25:50.019428";"2022-06-25 18:25:50.019428"
157;"16h";20;297;12;"2022-06-25 18:25:50.033369";"2022-06-25 18:25:50.033369"
158;"17h";20;592;3;"2022-06-25 18:25:50.049054";"2022-06-25 18:25:50.049054"
159;"18h";20;429;17;"2022-06-25 18:25:50.064036";"2022-06-25 18:25:50.064036"
160;"19h";20;681;10;"2022-06-25 18:25:50.078397";"2022-06-25 18:25:50.078397"
161;"0i";20;480;8;"2022-06-25 18:25:50.091658";"2022-06-25 18:25:50.091658"
162;"1i";20;469;16;"2022-06-25 18:25:50.105760";"2022-06-25 18:25:50.105760"
163;"2i";20;478;14;"2022-06-25 18:25:50.119249";"2022-06-25 18:25:50.119249"
164;"3i";20;295;15;"2022-06-25 18:25:50.133659";"2022-06-25 18:25:50.133659"
165;"4i";20;549;13;"2022-06-25 18:25:50.151242";"2022-06-25 18:25:50.151242"
166;"5i";20;204;11;"2022-06-25 18:25:50.170673";"2022-06-25 18:25:50.170673"
167;"6i";20;239;8;"2022-06-25 18:25:50.188591";"2022-06-25 18:25:50.188591"
168;"7i";20;411;12;"2022-06-25 18:25:50.203582";"2022-06-25 18:25:50.203582"
169;"8i";20;367;13;"2022-06-25 18:25:50.216111";"2022-06-25 18:25:50.216111"
170;"9i";20;277;5;"2022-06-25 18:25:50.229578";"2022-06-25 18:25:50.229578"
171;"10i";20;232;2;"2022-06-25 18:25:50.243301";"2022-06-25 18:25:50.243301"
172;"11i";20;364;11;"2022-06-25 18:25:50.256274";"2022-06-25 18:25:50.256274"
173;"12i";20;471;10;"2022-06-25 18:25:50.270867";"2022-06-25 18:25:50.270867"
174;"13i";20;609;14;"2022-06-25 18:25:50.283770";"2022-06-25 18:25:50.283770"
175;"14i";20;228;18;"2022-06-25 18:25:50.296759";"2022-06-25 18:25:50.296759"
176;"15i";20;549;9;"2022-06-25 18:25:50.311807";"2022-06-25 18:25:50.311807"
177;"16i";20;454;12;"2022-06-25 18:25:50.324826";"2022-06-25 18:25:50.324826"
178;"17i";20;232;19;"2022-06-25 18:25:50.337008";"2022-06-25 18:25:50.337008"
179;"18i";20;377;17;"2022-06-25 18:25:50.350690";"2022-06-25 18:25:50.350690"
180;"19i";20;458;2;"2022-06-25 18:25:50.366237";"2022-06-25 18:25:50.366237"
181;"0j";20;281;8;"2022-06-25 18:25:50.383397";"2022-06-25 18:25:50.383397"
182;"1j";20;654;18;"2022-06-25 18:25:50.397168";"2022-06-25 18:25:50.397168"
183;"2j";20;172;13;"2022-06-25 18:25:50.410952";"2022-06-25 18:25:50.410952"
184;"3j";20;247;8;"2022-06-25 18:25:50.423878";"2022-06-25 18:25:50.423878"
185;"4j";20;284;2;"2022-06-25 18:25:50.435991";"2022-06-25 18:25:50.435991"
186;"5j";20;580;13;"2022-06-25 18:25:50.447422";"2022-06-25 18:25:50.447422"
187;"6j";20;605;6;"2022-06-25 18:25:50.463822";"2022-06-25 18:25:50.463822"
188;"7j";20;206;10;"2022-06-25 18:25:50.484339";"2022-06-25 18:25:50.484339"
189;"8j";20;592;2;"2022-06-25 18:25:50.501081";"2022-06-25 18:25:50.501081"
190;"9j";20;477;6;"2022-06-25 18:25:50.516306";"2022-06-25 18:25:50.516306"
191;"10j";20;518;18;"2022-06-25 18:25:50.531818";"2022-06-25 18:25:50.531818"
192;"11j";20;157;11;"2022-06-25 18:25:50.544367";"2022-06-25 18:25:50.544367"
193;"12j";20;155;13;"2022-06-25 18:25:50.560422";"2022-06-25 18:25:50.560422"
194;"13j";20;143;1;"2022-06-25 18:25:50.576354";"2022-06-25 18:25:50.576354"
195;"14j";20;598;2;"2022-06-25 18:25:50.589894";"2022-06-25 18:25:50.589894"
196;"15j";20;78;14;"2022-06-25 18:25:50.604954";"2022-06-25 18:25:50.604954"
197;"16j";20;409;14;"2022-06-25 18:25:50.623940";"2022-06-25 18:25:50.623940"
198;"17j";20;595;6;"2022-06-25 18:25:50.641023";"2022-06-25 18:25:50.641023"
199;"18j";20;569;15;"2022-06-25 18:25:50.654506";"2022-06-25 18:25:50.654506"
200;"19j";20;47;7;"2022-06-25 18:25:50.667942";"2022-06-25 18:25:50.667942"
201;"0k";20;571;14;"2022-06-25 18:25:50.680531";"2022-06-25 18:25:50.680531"
202;"1k";20;632;9;"2022-06-25 18:25:50.696772";"2022-06-25 18:25:50.696772"
203;"2k";20;201;7;"2022-06-25 18:25:50.712358";"2022-06-25 18:25:50.712358"
204;"3k";20;513;18;"2022-06-25 18:25:50.724824";"2022-06-25 18:25:50.724824"
205;"4k";20;196;20;"2022-06-25 18:25:50.736779";"2022-06-25 18:25:50.736779"
206;"5k";20;634;19;"2022-06-25 18:25:50.750948";"2022-06-25 18:25:50.750948"
207;"6k";20;340;11;"2022-06-25 18:25:50.762135";"2022-06-25 18:25:50.762135"
208;"7k";20;259;9;"2022-06-25 18:25:50.778310";"2022-06-25 18:25:50.778310"
209;"8k";20;700;8;"2022-06-25 18:25:50.793058";"2022-06-25 18:25:50.793058"
210;"9k";20;484;5;"2022-06-25 18:25:50.806886";"2022-06-25 18:25:50.806886"
211;"10k";20;182;8;"2022-06-25 18:25:50.819607";"2022-06-25 18:25:50.819607"
212;"11k";20;682;9;"2022-06-25 18:25:50.831662";"2022-06-25 18:25:50.831662"
213;"12k";20;403;9;"2022-06-25 18:25:50.843882";"2022-06-25 18:25:50.843882"
214;"13k";20;591;7;"2022-06-25 18:25:50.855895";"2022-06-25 18:25:50.855895"
215;"14k";20;684;15;"2022-06-25 18:25:50.868296";"2022-06-25 18:25:50.868296"
216;"15k";20;79;7;"2022-06-25 18:25:50.880931";"2022-06-25 18:25:50.880931"
217;"16k";20;391;9;"2022-06-25 18:25:50.892158";"2022-06-25 18:25:50.892158"
218;"17k";20;272;4;"2022-06-25 18:25:50.904291";"2022-06-25 18:25:50.904291"
219;"18k";20;545;10;"2022-06-25 18:25:50.916427";"2022-06-25 18:25:50.916427"
220;"19k";20;262;20;"2022-06-25 18:25:50.928365";"2022-06-25 18:25:50.928365"
221;"0l";20;506;7;"2022-06-25 18:25:50.939956";"2022-06-25 18:25:50.939956"
222;"1l";20;460;16;"2022-06-25 18:25:50.955945";"2022-06-25 18:25:50.955945"
223;"2l";20;132;9;"2022-06-25 18:25:50.971711";"2022-06-25 18:25:50.971711"
224;"3l";20;161;9;"2022-06-25 18:25:50.984373";"2022-06-25 18:25:50.984373"
225;"4l";20;14;15;"2022-06-25 18:25:50.997446";"2022-06-25 18:25:50.997446"
226;"5l";20;539;9;"2022-06-25 18:25:51.010002";"2022-06-25 18:25:51.010002"
227;"6l";20;518;5;"2022-06-25 18:25:51.021796";"2022-06-25 18:25:51.021796"
228;"7l";20;310;15;"2022-06-25 18:25:51.034817";"2022-06-25 18:25:51.034817"
229;"8l";20;400;13;"2022-06-25 18:25:51.050785";"2022-06-25 18:25:51.050785"
230;"9l";20;597;12;"2022-06-25 18:25:51.064438";"2022-06-25 18:25:51.064438"
231;"10l";20;147;10;"2022-06-25 18:25:51.080229";"2022-06-25 18:25:51.080229"
232;"11l";20;110;3;"2022-06-25 18:25:51.092258";"2022-06-25 18:25:51.092258"
233;"12l";20;267;12;"2022-06-25 18:25:51.103689";"2022-06-25 18:25:51.103689"
234;"13l";20;121;15;"2022-06-25 18:25:51.114682";"2022-06-25 18:25:51.114682"
235;"14l";20;590;15;"2022-06-25 18:25:51.128602";"2022-06-25 18:25:51.128602"
236;"15l";20;255;17;"2022-06-25 18:25:51.144201";"2022-06-25 18:25:51.144201"
237;"16l";20;106;17;"2022-06-25 18:25:51.156836";"2022-06-25 18:25:51.156836"
238;"17l";20;609;20;"2022-06-25 18:25:51.168954";"2022-06-25 18:25:51.168954"
239;"18l";20;382;20;"2022-06-25 18:25:51.179862";"2022-06-25 18:25:51.179862"
240;"19l";20;254;1;"2022-06-25 18:25:51.191194";"2022-06-25 18:25:51.191194"
241;"0m";20;155;9;"2022-06-25 18:25:51.205618";"2022-06-25 18:25:51.205618"
242;"1m";20;528;11;"2022-06-25 18:25:51.218849";"2022-06-25 18:25:51.218849"
243;"2m";20;412;10;"2022-06-25 18:25:51.233361";"2022-06-25 18:25:51.233361"
244;"3m";20;342;1;"2022-06-25 18:25:51.246214";"2022-06-25 18:25:51.246214"
245;"4m";20;14;1;"2022-06-25 18:25:51.257253";"2022-06-25 18:25:51.257253"
246;"5m";20;448;15;"2022-06-25 18:25:51.269945";"2022-06-25 18:25:51.269945"
247;"6m";20;653;12;"2022-06-25 18:25:51.281042";"2022-06-25 18:25:51.281042"
248;"7m";20;538;20;"2022-06-25 18:25:51.294319";"2022-06-25 18:25:51.294319"
249;"8m";20;180;1;"2022-06-25 18:25:51.305509";"2022-06-25 18:25:51.305509"
250;"9m";20;202;4;"2022-06-25 18:25:51.318224";"2022-06-25 18:25:51.318224"
251;"10m";20;137;6;"2022-06-25 18:25:51.329647";"2022-06-25 18:25:51.329647"
252;"11m";20;704;12;"2022-06-25 18:25:51.342354";"2022-06-25 18:25:51.342354"
253;"12m";20;189;12;"2022-06-25 18:25:51.353543";"2022-06-25 18:25:51.353543"
254;"13m";20;405;10;"2022-06-25 18:25:51.366902";"2022-06-25 18:25:51.366902"
255;"14m";20;462;20;"2022-06-25 18:25:51.377546";"2022-06-25 18:25:51.377546"
256;"15m";20;233;11;"2022-06-25 18:25:51.389034";"2022-06-25 18:25:51.389034"
257;"16m";20;297;4;"2022-06-25 18:25:51.400997";"2022-06-25 18:25:51.400997"
258;"17m";20;382;18;"2022-06-25 18:25:51.411194";"2022-06-25 18:25:51.411194"
259;"18m";20;345;15;"2022-06-25 18:25:51.426593";"2022-06-25 18:25:51.426593"
260;"19m";20;427;8;"2022-06-25 18:25:51.446396";"2022-06-25 18:25:51.446396"
261;"0n";20;620;17;"2022-06-25 18:25:51.461952";"2022-06-25 18:25:51.461952"
262;"1n";20;522;2;"2022-06-25 18:25:51.474696";"2022-06-25 18:25:51.474696"
263;"2n";20;7;6;"2022-06-25 18:25:51.487499";"2022-06-25 18:25:51.487499"
264;"3n";20;640;7;"2022-06-25 18:25:51.504462";"2022-06-25 18:25:51.504462"
265;"4n";20;379;16;"2022-06-25 18:25:51.519529";"2022-06-25 18:25:51.519529"
266;"5n";20;574;16;"2022-06-25 18:25:51.537974";"2022-06-25 18:25:51.537974"
267;"6n";20;515;17;"2022-06-25 18:25:51.552366";"2022-06-25 18:25:51.552366"
268;"7n";20;368;20;"2022-06-25 18:25:51.568345";"2022-06-25 18:25:51.568345"
269;"8n";20;189;19;"2022-06-25 18:25:51.580999";"2022-06-25 18:25:51.580999"
270;"9n";20;557;19;"2022-06-25 18:25:51.594658";"2022-06-25 18:25:51.594658"
271;"10n";20;396;1;"2022-06-25 18:25:51.607453";"2022-06-25 18:25:51.607453"
272;"11n";20;458;19;"2022-06-25 18:25:51.619779";"2022-06-25 18:25:51.619779"
273;"12n";20;166;6;"2022-06-25 18:25:51.631871";"2022-06-25 18:25:51.631871"
274;"13n";20;433;6;"2022-06-25 18:25:51.644146";"2022-06-25 18:25:51.644146"
275;"14n";20;182;9;"2022-06-25 18:25:51.656295";"2022-06-25 18:25:51.656295"
276;"15n";20;541;7;"2022-06-25 18:25:51.672477";"2022-06-25 18:25:51.672477"
277;"16n";20;108;5;"2022-06-25 18:25:51.693046";"2022-06-25 18:25:51.693046"
278;"17n";20;176;18;"2022-06-25 18:25:51.708366";"2022-06-25 18:25:51.708366"
279;"18n";20;523;18;"2022-06-25 18:25:51.723655";"2022-06-25 18:25:51.723655"
280;"19n";20;457;5;"2022-06-25 18:25:51.737497";"2022-06-25 18:25:51.737497"
281;"0o";20;715;18;"2022-06-25 18:25:51.751502";"2022-06-25 18:25:51.751502"
282;"1o";20;30;2;"2022-06-25 18:25:51.765827";"2022-06-25 18:25:51.765827"
283;"2o";20;495;12;"2022-06-25 18:25:51.780478";"2022-06-25 18:25:51.780478"
284;"3o";20;715;4;"2022-06-25 18:25:51.795281";"2022-06-25 18:25:51.795281"
285;"4o";20;483;8;"2022-06-25 18:25:51.809436";"2022-06-25 18:25:51.809436"
286;"5o";20;423;10;"2022-06-25 18:25:51.821053";"2022-06-25 18:25:51.821053"
287;"6o";20;114;8;"2022-06-25 18:25:51.830779";"2022-06-25 18:25:51.830779"
288;"7o";20;162;10;"2022-06-25 18:25:51.841136";"2022-06-25 18:25:51.841136"
289;"8o";20;469;8;"2022-06-25 18:25:51.856887";"2022-06-25 18:25:51.856887"
290;"9o";20;452;2;"2022-06-25 18:25:51.875425";"2022-06-25 18:25:51.875425"
291;"10o";20;362;17;"2022-06-25 18:25:51.887964";"2022-06-25 18:25:51.887964"
292;"11o";20;637;20;"2022-06-25 18:25:51.904068";"2022-06-25 18:25:51.904068"
293;"12o";20;521;16;"2022-06-25 18:25:51.919801";"2022-06-25 18:25:51.919801"
294;"13o";20;718;12;"2022-06-25 18:25:51.935180";"2022-06-25 18:25:51.935180"
295;"14o";20;688;11;"2022-06-25 18:25:51.950760";"2022-06-25 18:25:51.950760"
296;"15o";20;491;10;"2022-06-25 18:25:51.965415";"2022-06-25 18:25:51.965415"
297;"16o";20;523;14;"2022-06-25 18:25:51.981106";"2022-06-25 18:25:51.981106"
298;"17o";20;314;17;"2022-06-25 18:25:51.995744";"2022-06-25 18:25:51.995744"
299;"18o";20;320;5;"2022-06-25 18:25:52.010350";"2022-06-25 18:25:52.010350"
300;"19o";20;715;4;"2022-06-25 18:25:52.024607";"2022-06-25 18:25:52.024607"
301;"0p";20;192;8;"2022-06-25 18:25:52.041205";"2022-06-25 18:25:52.041205"
302;"1p";20;345;2;"2022-06-25 18:25:52.057566";"2022-06-25 18:25:52.057566"
303;"2p";20;134;15;"2022-06-25 18:25:52.072386";"2022-06-25 18:25:52.072386"
304;"3p";20;437;19;"2022-06-25 18:25:52.087329";"2022-06-25 18:25:52.087329"
305;"4p";20;632;14;"2022-06-25 18:25:52.099645";"2022-06-25 18:25:52.099645"
306;"5p";20;170;13;"2022-06-25 18:25:52.112728";"2022-06-25 18:25:52.112728"
307;"6p";20;582;8;"2022-06-25 18:25:52.125338";"2022-06-25 18:25:52.125338"
308;"7p";20;5;15;"2022-06-25 18:25:52.137124";"2022-06-25 18:25:52.137124"
309;"8p";20;157;19;"2022-06-25 18:25:52.154660";"2022-06-25 18:25:52.154660"
310;"9p";20;482;12;"2022-06-25 18:25:52.171192";"2022-06-25 18:25:52.171192"
311;"10p";20;708;3;"2022-06-25 18:25:52.183840";"2022-06-25 18:25:52.183840"
312;"11p";20;391;7;"2022-06-25 18:25:52.207594";"2022-06-25 18:25:52.207594"
313;"12p";20;711;10;"2022-06-25 18:25:52.221448";"2022-06-25 18:25:52.221448"
314;"13p";20;190;8;"2022-06-25 18:25:52.233362";"2022-06-25 18:25:52.233362"
315;"14p";20;395;16;"2022-06-25 18:25:52.246132";"2022-06-25 18:25:52.246132"
316;"15p";20;35;19;"2022-06-25 18:25:52.257648";"2022-06-25 18:25:52.257648"
317;"16p";20;473;10;"2022-06-25 18:25:52.271275";"2022-06-25 18:25:52.271275"
318;"17p";20;292;1;"2022-06-25 18:25:52.283827";"2022-06-25 18:25:52.283827"
319;"18p";20;404;14;"2022-06-25 18:25:52.295284";"2022-06-25 18:25:52.295284"
320;"19p";20;483;20;"2022-06-25 18:25:52.307367";"2022-06-25 18:25:52.307367"
321;"0q";20;507;2;"2022-06-25 18:25:52.318761";"2022-06-25 18:25:52.318761"
322;"1q";20;210;1;"2022-06-25 18:25:52.330805";"2022-06-25 18:25:52.330805"
323;"2q";20;491;15;"2022-06-25 18:25:52.341927";"2022-06-25 18:25:52.341927"
324;"3q";20;558;1;"2022-06-25 18:25:52.358628";"2022-06-25 18:25:52.358628"
325;"4q";20;423;8;"2022-06-25 18:25:52.376084";"2022-06-25 18:25:52.376084"
326;"5q";20;706;19;"2022-06-25 18:25:52.394132";"2022-06-25 18:25:52.394132"
327;"6q";20;602;15;"2022-06-25 18:25:52.413002";"2022-06-25 18:25:52.413002"
328;"7q";20;310;12;"2022-06-25 18:25:52.430258";"2022-06-25 18:25:52.430258"
329;"8q";20;449;16;"2022-06-25 18:25:52.447308";"2022-06-25 18:25:52.447308"
330;"9q";20;473;18;"2022-06-25 18:25:52.462645";"2022-06-25 18:25:52.462645"
331;"10q";20;250;12;"2022-06-25 18:25:52.474686";"2022-06-25 18:25:52.474686"
332;"11q";20;322;2;"2022-06-25 18:25:52.492233";"2022-06-25 18:25:52.492233"
333;"12q";20;495;12;"2022-06-25 18:25:52.508090";"2022-06-25 18:25:52.508090"
334;"13q";20;71;16;"2022-06-25 18:25:52.523794";"2022-06-25 18:25:52.523794"
335;"14q";20;459;20;"2022-06-25 18:25:52.538449";"2022-06-25 18:25:52.538449"
336;"15q";20;3;1;"2022-06-25 18:25:52.552811";"2022-06-25 18:25:52.552811"
337;"16q";20;395;15;"2022-06-25 18:25:52.568853";"2022-06-25 18:25:52.568853"
338;"17q";20;373;12;"2022-06-25 18:25:52.585013";"2022-06-25 18:25:52.585013"
339;"18q";20;187;12;"2022-06-25 18:25:52.600955";"2022-06-25 18:25:52.600955"
340;"19q";20;303;9;"2022-06-25 18:25:52.615665";"2022-06-25 18:25:52.615665"
341;"0r";20;155;12;"2022-06-25 18:25:52.629474";"2022-06-25 18:25:52.629474"
342;"1r";20;401;20;"2022-06-25 18:25:52.647140";"2022-06-25 18:25:52.647140"
343;"2r";20;624;8;"2022-06-25 18:25:52.662091";"2022-06-25 18:25:52.662091"
344;"3r";20;468;9;"2022-06-25 18:25:52.675684";"2022-06-25 18:25:52.675684"
345;"4r";20;715;12;"2022-06-25 18:25:52.690226";"2022-06-25 18:25:52.690226"
346;"5r";20;158;20;"2022-06-25 18:25:52.704405";"2022-06-25 18:25:52.704405"
347;"6r";20;207;4;"2022-06-25 18:25:52.720018";"2022-06-25 18:25:52.720018"
348;"7r";20;378;20;"2022-06-25 18:25:52.737293";"2022-06-25 18:25:52.737293"
349;"8r";20;175;8;"2022-06-25 18:25:52.753173";"2022-06-25 18:25:52.753173"
350;"9r";20;536;10;"2022-06-25 18:25:52.767280";"2022-06-25 18:25:52.767280"
351;"10r";20;216;12;"2022-06-25 18:25:52.781347";"2022-06-25 18:25:52.781347"
352;"11r";20;575;16;"2022-06-25 18:25:52.796003";"2022-06-25 18:25:52.796003"
353;"12r";20;378;1;"2022-06-25 18:25:52.811049";"2022-06-25 18:25:52.811049"
354;"13r";20;610;2;"2022-06-25 18:25:52.825055";"2022-06-25 18:25:52.825055"
355;"14r";20;61;20;"2022-06-25 18:25:52.840400";"2022-06-25 18:25:52.840400"
356;"15r";20;495;13;"2022-06-25 18:25:52.853898";"2022-06-25 18:25:52.853898"
357;"16r";20;89;5;"2022-06-25 18:25:52.868701";"2022-06-25 18:25:52.868701"
358;"17r";20;128;20;"2022-06-25 18:25:52.887531";"2022-06-25 18:25:52.887531"
359;"18r";20;31;14;"2022-06-25 18:25:52.904099";"2022-06-25 18:25:52.904099"
360;"19r";20;263;3;"2022-06-25 18:25:52.920559";"2022-06-25 18:25:52.920559"
361;"0s";20;127;13;"2022-06-25 18:25:52.939512";"2022-06-25 18:25:52.939512"
362;"1s";20;320;7;"2022-06-25 18:25:52.959960";"2022-06-25 18:25:52.959960"
363;"2s";20;689;13;"2022-06-25 18:25:52.983596";"2022-06-25 18:25:52.983596"
364;"3s";20;118;5;"2022-06-25 18:25:53.002919";"2022-06-25 18:25:53.002919"
365;"4s";20;26;7;"2022-06-25 18:25:53.021261";"2022-06-25 18:25:53.021261"
366;"5s";20;563;12;"2022-06-25 18:25:53.036517";"2022-06-25 18:25:53.036517"
367;"6s";20;404;20;"2022-06-25 18:25:53.050030";"2022-06-25 18:25:53.050030"
368;"7s";20;233;7;"2022-06-25 18:25:53.062989";"2022-06-25 18:25:53.062989"
369;"8s";20;295;15;"2022-06-25 18:25:53.074694";"2022-06-25 18:25:53.074694"
370;"9s";20;201;9;"2022-06-25 18:25:53.086932";"2022-06-25 18:25:53.086932"
371;"10s";20;44;16;"2022-06-25 18:25:53.102737";"2022-06-25 18:25:53.102737"
372;"11s";20;607;4;"2022-06-25 18:25:53.116999";"2022-06-25 18:25:53.116999"
373;"12s";20;471;17;"2022-06-25 18:25:53.130647";"2022-06-25 18:25:53.130647"
374;"13s";20;680;9;"2022-06-25 18:25:53.146699";"2022-06-25 18:25:53.146699"
375;"14s";20;693;1;"2022-06-25 18:25:53.162261";"2022-06-25 18:25:53.162261"
376;"15s";20;82;2;"2022-06-25 18:25:53.177103";"2022-06-25 18:25:53.177103"
377;"16s";20;674;3;"2022-06-25 18:25:53.190210";"2022-06-25 18:25:53.190210"
378;"17s";20;418;9;"2022-06-25 18:25:53.203366";"2022-06-25 18:25:53.203366"
379;"18s";20;321;18;"2022-06-25 18:25:53.218309";"2022-06-25 18:25:53.218309"
380;"19s";20;569;20;"2022-06-25 18:25:53.233067";"2022-06-25 18:25:53.233067"
381;"0t";20;58;14;"2022-06-25 18:25:53.245334";"2022-06-25 18:25:53.245334"
382;"1t";20;519;14;"2022-06-25 18:25:53.261465";"2022-06-25 18:25:53.261465"
383;"2t";20;171;19;"2022-06-25 18:25:53.277404";"2022-06-25 18:25:53.277404"
384;"3t";20;681;12;"2022-06-25 18:25:53.289650";"2022-06-25 18:25:53.289650"
385;"4t";20;355;1;"2022-06-25 18:25:53.302212";"2022-06-25 18:25:53.302212"
386;"5t";20;651;5;"2022-06-25 18:25:53.313372";"2022-06-25 18:25:53.313372"
387;"6t";20;203;14;"2022-06-25 18:25:53.324941";"2022-06-25 18:25:53.324941"
388;"7t";20;399;10;"2022-06-25 18:25:53.335925";"2022-06-25 18:25:53.335925"
389;"8t";20;402;17;"2022-06-25 18:25:53.351777";"2022-06-25 18:25:53.351777"
390;"9t";20;67;6;"2022-06-25 18:25:53.369341";"2022-06-25 18:25:53.369341"
391;"10t";20;550;14;"2022-06-25 18:25:53.386494";"2022-06-25 18:25:53.386494"
392;"11t";20;191;9;"2022-06-25 18:25:53.402104";"2022-06-25 18:25:53.402104"
393;"12t";20;74;4;"2022-06-25 18:25:53.417858";"2022-06-25 18:25:53.417858"
394;"13t";20;107;6;"2022-06-25 18:25:53.433716";"2022-06-25 18:25:53.433716"
395;"14t";20;29;4;"2022-06-25 18:25:53.445572";"2022-06-25 18:25:53.445572"
396;"15t";20;408;11;"2022-06-25 18:25:53.458706";"2022-06-25 18:25:53.458706"
397;"16t";20;224;15;"2022-06-25 18:25:53.470479";"2022-06-25 18:25:53.470479"
398;"17t";20;436;11;"2022-06-25 18:25:53.481081";"2022-06-25 18:25:53.481081"
399;"18t";20;305;3;"2022-06-25 18:25:53.494671";"2022-06-25 18:25:53.494671"
400;"19t";20;453;5;"2022-06-25 18:25:53.505063";"2022-06-25 18:25:53.505063"
401;"0u";20;371;4;"2022-06-25 18:25:53.516062";"2022-06-25 18:25:53.516062"
402;"1u";20;138;4;"2022-06-25 18:25:53.526503";"2022-06-25 18:25:53.526503"
403;"2u";20;257;14;"2022-06-25 18:25:53.537003";"2022-06-25 18:25:53.537003"
404;"3u";20;457;10;"2022-06-25 18:25:53.547723";"2022-06-25 18:25:53.547723"
405;"4u";20;335;8;"2022-06-25 18:25:53.558281";"2022-06-25 18:25:53.558281"
406;"5u";20;421;12;"2022-06-25 18:25:53.570282";"2022-06-25 18:25:53.570282"
407;"6u";20;474;1;"2022-06-25 18:25:53.581024";"2022-06-25 18:25:53.581024"
408;"7u";20;509;12;"2022-06-25 18:25:53.591677";"2022-06-25 18:25:53.591677"
409;"8u";20;144;8;"2022-06-25 18:25:53.604505";"2022-06-25 18:25:53.604505"
410;"9u";20;429;19;"2022-06-25 18:25:53.614096";"2022-06-25 18:25:53.614096"
411;"10u";20;558;13;"2022-06-25 18:25:53.625000";"2022-06-25 18:25:53.625000"
412;"11u";20;180;16;"2022-06-25 18:25:53.642009";"2022-06-25 18:25:53.642009"
413;"12u";20;8;19;"2022-06-25 18:25:53.659570";"2022-06-25 18:25:53.659570"
414;"13u";20;72;6;"2022-06-25 18:25:53.678894";"2022-06-25 18:25:53.678894"
415;"14u";20;150;20;"2022-06-25 18:25:53.698826";"2022-06-25 18:25:53.698826"
416;"15u";20;565;8;"2022-06-25 18:25:53.714901";"2022-06-25 18:25:53.714901"
417;"16u";20;598;19;"2022-06-25 18:25:53.730612";"2022-06-25 18:25:53.730612"
418;"17u";20;715;15;"2022-06-25 18:25:53.745696";"2022-06-25 18:25:53.745696"
419;"18u";20;340;5;"2022-06-25 18:25:53.760405";"2022-06-25 18:25:53.760405"
420;"19u";20;232;4;"2022-06-25 18:25:53.772651";"2022-06-25 18:25:53.772651"
421;"0v";20;129;14;"2022-06-25 18:25:53.790381";"2022-06-25 18:25:53.790381"
422;"1v";20;617;18;"2022-06-25 18:25:53.805552";"2022-06-25 18:25:53.805552"
423;"2v";20;512;12;"2022-06-25 18:25:53.823172";"2022-06-25 18:25:53.823172"
424;"3v";20;506;5;"2022-06-25 18:25:53.839418";"2022-06-25 18:25:53.839418"
425;"4v";20;298;11;"2022-06-25 18:25:53.854444";"2022-06-25 18:25:53.854444"
426;"5v";20;615;3;"2022-06-25 18:25:53.870329";"2022-06-25 18:25:53.870329"
427;"6v";20;209;4;"2022-06-25 18:25:53.884087";"2022-06-25 18:25:53.884087"
428;"7v";20;624;4;"2022-06-25 18:25:53.900382";"2022-06-25 18:25:53.900382"
429;"8v";20;715;11;"2022-06-25 18:25:53.917067";"2022-06-25 18:25:53.917067"
430;"9v";20;163;9;"2022-06-25 18:25:53.932166";"2022-06-25 18:25:53.932166"
431;"10v";20;325;13;"2022-06-25 18:25:53.946853";"2022-06-25 18:25:53.946853"
432;"11v";20;283;2;"2022-06-25 18:25:53.960618";"2022-06-25 18:25:53.960618"
433;"12v";20;106;10;"2022-06-25 18:25:53.979185";"2022-06-25 18:25:53.979185"
434;"13v";20;221;14;"2022-06-25 18:25:53.998095";"2022-06-25 18:25:53.998095"
435;"14v";20;701;10;"2022-06-25 18:25:54.013229";"2022-06-25 18:25:54.013229"
436;"15v";20;413;15;"2022-06-25 18:25:54.026493";"2022-06-25 18:25:54.026493"
437;"16v";20;390;1;"2022-06-25 18:25:54.039424";"2022-06-25 18:25:54.039424"
438;"17v";20;150;12;"2022-06-25 18:25:54.051470";"2022-06-25 18:25:54.051470"
439;"18v";20;516;16;"2022-06-25 18:25:54.067539";"2022-06-25 18:25:54.067539"
440;"19v";20;676;19;"2022-06-25 18:25:54.084354";"2022-06-25 18:25:54.084354"
441;"0w";20;159;5;"2022-06-25 18:25:54.100704";"2022-06-25 18:25:54.100704"
442;"1w";20;572;13;"2022-06-25 18:25:54.116563";"2022-06-25 18:25:54.116563"
443;"2w";20;103;3;"2022-06-25 18:25:54.131568";"2022-06-25 18:25:54.131568"
444;"3w";20;704;16;"2022-06-25 18:25:54.146323";"2022-06-25 18:25:54.146323"
445;"4w";20;403;5;"2022-06-25 18:25:54.160657";"2022-06-25 18:25:54.160657"
446;"5w";20;562;7;"2022-06-25 18:25:54.177170";"2022-06-25 18:25:54.177170"
447;"6w";20;415;1;"2022-06-25 18:25:54.193268";"2022-06-25 18:25:54.193268"
448;"7w";20;453;14;"2022-06-25 18:25:54.208700";"2022-06-25 18:25:54.208700"
449;"8w";20;82;2;"2022-06-25 18:25:54.228185";"2022-06-25 18:25:54.228185"
450;"9w";20;642;19;"2022-06-25 18:25:54.248472";"2022-06-25 18:25:54.248472"
451;"10w";20;459;17;"2022-06-25 18:25:54.268231";"2022-06-25 18:25:54.268231"
452;"11w";20;214;4;"2022-06-25 18:25:54.283714";"2022-06-25 18:25:54.283714"
453;"12w";20;367;19;"2022-06-25 18:25:54.296533";"2022-06-25 18:25:54.296533"
454;"13w";20;64;15;"2022-06-25 18:25:54.315643";"2022-06-25 18:25:54.315643"
455;"14w";20;66;9;"2022-06-25 18:25:54.329536";"2022-06-25 18:25:54.329536"
456;"15w";20;8;14;"2022-06-25 18:25:54.341256";"2022-06-25 18:25:54.341256"
457;"16w";20;644;6;"2022-06-25 18:25:54.359348";"2022-06-25 18:25:54.359348"
458;"17w";20;102;7;"2022-06-25 18:25:54.379571";"2022-06-25 18:25:54.379571"
459;"18w";20;307;7;"2022-06-25 18:25:54.394398";"2022-06-25 18:25:54.394398"
460;"19w";20;678;11;"2022-06-25 18:25:54.408781";"2022-06-25 18:25:54.408781"
461;"0x";20;288;15;"2022-06-25 18:25:54.423682";"2022-06-25 18:25:54.423682"
462;"1x";20;246;17;"2022-06-25 18:25:54.440714";"2022-06-25 18:25:54.440714"
463;"2x";20;487;16;"2022-06-25 18:25:54.456752";"2022-06-25 18:25:54.456752"
464;"3x";20;604;18;"2022-06-25 18:25:54.471566";"2022-06-25 18:25:54.471566"
465;"4x";20;177;3;"2022-06-25 18:25:54.484987";"2022-06-25 18:25:54.484987"
466;"5x";20;457;14;"2022-06-25 18:25:54.499835";"2022-06-25 18:25:54.499835"
467;"6x";20;273;8;"2022-06-25 18:25:54.512610";"2022-06-25 18:25:54.512610"
468;"7x";20;375;13;"2022-06-25 18:25:54.530432";"2022-06-25 18:25:54.530432"
469;"8x";20;156;4;"2022-06-25 18:25:54.545718";"2022-06-25 18:25:54.545718"
470;"9x";20;694;3;"2022-06-25 18:25:54.559810";"2022-06-25 18:25:54.559810"
471;"10x";20;587;18;"2022-06-25 18:25:54.573232";"2022-06-25 18:25:54.573232"
472;"11x";20;647;4;"2022-06-25 18:25:54.587882";"2022-06-25 18:25:54.587882"
473;"12x";20;703;6;"2022-06-25 18:25:54.604646";"2022-06-25 18:25:54.604646"
474;"13x";20;525;4;"2022-06-25 18:25:54.622230";"2022-06-25 18:25:54.622230"
475;"14x";20;437;1;"2022-06-25 18:25:54.635394";"2022-06-25 18:25:54.635394"
476;"15x";20;667;2;"2022-06-25 18:25:54.648536";"2022-06-25 18:25:54.648536"
477;"16x";20;64;13;"2022-06-25 18:25:54.661032";"2022-06-25 18:25:54.661032"
478;"17x";20;215;7;"2022-06-25 18:25:54.673847";"2022-06-25 18:25:54.673847"
479;"18x";20;272;18;"2022-06-25 18:25:54.685896";"2022-06-25 18:25:54.685896"
480;"19x";20;39;8;"2022-06-25 18:25:54.698440";"2022-06-25 18:25:54.698440"
481;"0y";20;292;7;"2022-06-25 18:25:54.710941";"2022-06-25 18:25:54.710941"
482;"1y";20;39;6;"2022-06-25 18:25:54.723301";"2022-06-25 18:25:54.723301"
483;"2y";20;634;5;"2022-06-25 18:25:54.735375";"2022-06-25 18:25:54.735375"
484;"3y";20;611;8;"2022-06-25 18:25:54.747972";"2022-06-25 18:25:54.747972"
485;"4y";20;41;12;"2022-06-25 18:25:54.760430";"2022-06-25 18:25:54.760430"
486;"5y";20;532;15;"2022-06-25 18:25:54.773598";"2022-06-25 18:25:54.773598"
487;"6y";20;600;16;"2022-06-25 18:25:54.786334";"2022-06-25 18:25:54.786334"
488;"7y";20;368;19;"2022-06-25 18:25:54.799741";"2022-06-25 18:25:54.799741"
489;"8y";20;391;13;"2022-06-25 18:25:54.815149";"2022-06-25 18:25:54.815149"
490;"9y";20;340;19;"2022-06-25 18:25:54.829408";"2022-06-25 18:25:54.829408"
491;"10y";20;262;1;"2022-06-25 18:25:54.848066";"2022-06-25 18:25:54.848066"
492;"11y";20;382;15;"2022-06-25 18:25:54.867324";"2022-06-25 18:25:54.867324"
493;"12y";20;135;13;"2022-06-25 18:25:54.887217";"2022-06-25 18:25:54.887217"
494;"13y";20;244;7;"2022-06-25 18:25:54.908136";"2022-06-25 18:25:54.908136"
495;"14y";20;509;11;"2022-06-25 18:25:54.928357";"2022-06-25 18:25:54.928357"
496;"15y";20;532;12;"2022-06-25 18:25:54.944846";"2022-06-25 18:25:54.944846"
497;"16y";20;456;18;"2022-06-25 18:25:54.961650";"2022-06-25 18:25:54.961650"
498;"17y";20;254;10;"2022-06-25 18:25:54.977152";"2022-06-25 18:25:54.977152"
499;"18y";20;49;12;"2022-06-25 18:25:54.993635";"2022-06-25 18:25:54.993635"
500;"19y";20;44;8;"2022-06-25 18:25:55.009832";"2022-06-25 18:25:55.009832"
501;"0z";20;10;14;"2022-06-25 18:25:55.024892";"2022-06-25 18:25:55.024892"
502;"1z";20;668;14;"2022-06-25 18:25:55.043220";"2022-06-25 18:25:55.043220"
503;"2z";20;76;18;"2022-06-25 18:25:55.064751";"2022-06-25 18:25:55.064751"
504;"3z";20;456;5;"2022-06-25 18:25:55.078179";"2022-06-25 18:25:55.078179"
505;"4z";20;557;4;"2022-06-25 18:25:55.090401";"2022-06-25 18:25:55.090401"
506;"5z";20;18;11;"2022-06-25 18:25:55.101848";"2022-06-25 18:25:55.101848"
507;"6z";20;60;16;"2022-06-25 18:25:55.120214";"2022-06-25 18:25:55.120214"
508;"7z";20;410;12;"2022-06-25 18:25:55.135758";"2022-06-25 18:25:55.135758"
509;"8z";20;208;14;"2022-06-25 18:25:55.153162";"2022-06-25 18:25:55.153162"
510;"9z";20;642;2;"2022-06-25 18:25:55.170601";"2022-06-25 18:25:55.170601"
511;"10z";20;519;7;"2022-06-25 18:25:55.190594";"2022-06-25 18:25:55.190594"
512;"11z";20;428;4;"2022-06-25 18:25:55.207116";"2022-06-25 18:25:55.207116"
513;"12z";20;495;8;"2022-06-25 18:25:55.222079";"2022-06-25 18:25:55.222079"
514;"13z";20;529;7;"2022-06-25 18:25:55.234656";"2022-06-25 18:25:55.234656"
515;"14z";20;541;9;"2022-06-25 18:25:55.247279";"2022-06-25 18:25:55.247279"
516;"15z";20;420;10;"2022-06-25 18:25:55.262545";"2022-06-25 18:25:55.262545"
517;"16z";20;577;16;"2022-06-25 18:25:55.275354";"2022-06-25 18:25:55.275354"
518;"17z";20;151;8;"2022-06-25 18:25:55.288987";"2022-06-25 18:25:55.288987"
519;"18z";20;329;11;"2022-06-25 18:25:55.303201";"2022-06-25 18:25:55.303201"
520;"19z";20;408;8;"2022-06-25 18:25:55.315562";"2022-06-25 18:25:55.315562"
